<?xml version="1.0" encoding="utf-8"?>
<!-- Copyright (C) 2009 The Android Open Source Project
     Copyright 2018 NXP

     Licensed under the Apache License, Version 2.0 (the "License");
     you may not use this file except in compliance with the License.
     You may obtain a copy of the License at

          http://www.apache.org/licenses/LICENSE-2.0

     Unless required by applicable law or agreed to in writing, software
     distributed under the License is distributed on an "AS IS" BASIS,
     WITHOUT WARRANTIES OR CONDITIONS OF ANY KIND, either express or implied.
     See the License for the specific language governing permissions and
     limitations under the License.
-->

<!-- These are the hardware components that are included in i.MX reference board
-->
<permissions>
    <!-- This is Android and fully CTS compatible.  Basically this is for CTS tests to use. -->
    <feature name="android.software.cts" />
    <feature name="android.hardware.microphone" />
    <feature name="android.hardware.camera.any" />
    <feature name="android.software.cant_save_state" />
    <feature name="android.software.home_screen" />
    <feature name="android.software.input_methods" />
    <feature name="android.hardware.location" />
    <feature name="android.hardware.location.network" />
    <feature name="android.hardware.bluetooth" />
    <feature name="android.software.companion_device_setup" />
    <feature name="android.software.autofill" />
    <feature name="android.software.secure_lock_screen" />
</permissions>
